content,language,output,timestamp
"Ni hao, ni zhi dao shen me yu yan ?",Vietnamese,"<think>
Okay, the user wants to translate ""Ni hao, ni zhi dao shen me yu yan ?"" into Vietnamese. Let me start by breaking down the original Chinese sentence.

First, ""Ni hao"" is a common greeting, which translates to ""Hello"" in Vietnamese. Then ""ni zhi dao shen me yu yan"" is a bit more complex. ""Ni zhi dao"" is ""you know"" or ""do you know"". ""Shen me"" means ""what"", and ""yu yan"" is ""to say"" or ""to talk"". So the whole sentence is asking ""Hello, do you know what to say?"" 

Now, in Vietnamese, the structure might be a bit different. The greeting ""Xin chào"" is the equivalent of ""Hello"". Then the second part: ""Bạn có biết nên nói gì không?"" which is ""Do you know what to say?"" 

Wait, but the original sentence is a bit more direct. Let me check if ""yu yan"" is correctly translated. ""Yu yan"" is ""to say"", so ""nên nói gì"" is ""what to say"". 

Putting it all together: ""Xin chào, bạn có biết nên nói gì không?"" That seems correct. Let me verify if there's a more natural way to phrase it. Maybe ""Xin chào, bạn có biết nên nói gì không?"" is the right translation. Alternatively, ""Xin chào, bạn có biết nói gì không?"" but ""nên nói gì"" is more about ""what to say"" in a context, like ""what should you say"". 

I think the translation is accurate. The user might be testing the translation of a greeting followed by a question about what to say. So the answer should be the Vietnamese version of that sentence.
</think>

Xin chào, bạn có biết nên nói gì không?",2025-07-29 11:19:30.510617
"Ni hao, ni zhi dao shen me yu yan ?",Vietnamese,"<think>
Okay, the user wants to translate ""Ni hao, ni zhi dao shen me yu yan ?"" into Vietnamese. Let me start by breaking down the original Chinese sentence.

First, ""Ni hao"" is a common greeting, which translates to ""Hello"" in Vietnamese. Then ""ni zhi dao shen me yu yan"" is a bit more complex. ""Ni zhi dao"" is ""you know"" or ""do you know"". ""Shen me"" means ""what"", and ""yu yan"" is ""to say"" or ""to talk"". So the whole sentence is asking ""Hello, do you know what to say?"" 

Now, in Vietnamese, the structure might be a bit different. The greeting ""Xin chào"" is the equivalent of ""Hello"". Then the second part: ""Bạn có biết nên nói gì không?"" which is ""Do you know what to say?"" 

Wait, but the original sentence is a bit more direct. Let me check if ""yu yan"" is correctly translated. ""Yu yan"" is ""to say"", so ""nên nói gì"" is ""what to say"". 

Putting it all together: ""Xin chào, bạn có biết nên nói gì không?"" That seems correct. Let me verify if there's a more natural way to phrase it. Maybe ""Xin chào, bạn có biết nên nói gì không?"" is the right translation. Alternatively, ""Xin chào, bạn có biết nói gì không?"" but ""nên nói gì"" is more about ""what to say"" in a context, like ""what should you say"". 

I think the translation is accurate. The user might be testing the translation of a greeting followed by a question about what to say. So the answer should be the Vietnamese version of that sentence.
</think>

Xin chào, bạn có biết nên nói gì không?",2025-07-29 11:19:32.951791
